;Gloss;Examples
1.;"「ああいう〜」 {ああ言う〜 51} [""such __""]";1593-45
2.;"「AばBほど」 {AばB程* 588} [""the more A, the more B""]";"143-3; 588-8; 934-17"
3.;"「あえて〜」 {敢えて〜* 809} [""dare to __"", ""venture to __""]";"809-2; 809-9; 1191-26"
4.;"「〜あげく(に)」 {〜挙げ句に* / 〜揚げ句に* 1247, 166} [""after much __ing""]";"1144-31; 1589-10"
5.;"「あげる」 {上げる* 41} [""give (to someone)""]";"3-2; 29-7"
6.;"「〜あいだに」 {〜間に 448} [""while __""]";"4-3; 10-2; 75-9"
7.;"「あくまで(も)」 {飽くまで(も)* / 飽く迄(も)** 1964, 1806} [""to the last""]";1971-20
8.;"「〜あまり」 {〜余り 995} [""on account of too much __""]";"941-12; 1237-9; 1597-8; 1990-7"
9.;"「あまり〜ない / あんまり〜ない」 {余り〜ない 995} [""not very (much) __""]";"76-3; 114-8; 226-3; 274-17; 383-31"
10.;"「あまりに(も)〜 / あんまりに(も)〜」 {余りに(も)〜 995} [""too __""]";"217-3; 302-6"
11.;"「あなた」 {貴方 1177, 173} [formal: ""you""]";"21-3; 46-8; 232-6"
12.;"「AのはBのことだ」 {AのはBの事だ* 80} [time of occurrence: ""It was/will be B when A""]";1737-5
13.;"「〜ありますか」 {〜有りますか* 400} [""is/are there any __?""; ""do you have any __?""]";1-5
14.;"「ある」 {有る 400} [""exist""; ""have""]";"1-5; 2-3; 3-4; 3-7"
15.;"「あるいは」 {或は* 1152} [""or""]";"454-6; 976-26; 1152-2"
16.;"「あたかも〜」 [""as if __""]";"1525-44; 1803-8; 1877-13"
17.;"「〜あと」 {〜後 114} [""after __""].";"114-11; 138-2"
18.;"「あと〜」 {後〜 114} [""__ left"", ""__ longer"", ""__ until""].";"1-4; 1-7"
19.;"「〜ということは」 {〜と言うことは* / 〜と言う事は** 51, 80} [presents preceding clause as the subject of the sentence: ""that __""]";"649-19; 653-27; 1118-10; 1518-12; 1554-10"
20.;"「わあ」 [female: exclamation]";2015-4
21.;"「AはBだ」 [""A is B""]";"3-5; 4-5; 5-4; 7-5; 8-3; 8-7; 9-3; 9-8"
22.;"「-ば」 [""if __""]";"58-4; 91-5; 91-9"
23.;"「〜ばかり」 [""just __""]";"134-2; 179-14; 269-10; 553-9"
24.;"「〜ばかりか」 [""not just __""].";"1062-21; 1497-4"
25.;"「-ばよかった」 {-ば良かった* 285} [""should have __ed""; ""wish had __ed""]";"143-8; 148-7; 274-8"
26.;"「〜べからず / 〜べからざる」 [""do not __""]";"1153-13; 1273-5"
27.;"「〜べきだ」 [""should  __""; ""must  __""]";"79-6; 159-10; 189-4"
28.;"「〜べく」 [""in order to __""; ""so that __""]";"1223-17; 1481-21; 1605-17"
29.;"「〜べくもない」 [""there is no way to __""]";2222-9
30.;"「ぼく」 {僕 1358} [informal: ""I""]";"15-17; 17-4; 40-2"
31.;"「-ぶん」 {-分 88} [portion]";88-8
32.;"「-ぶり」 {-振り* 903} [""for the first time in __""]";"6-2; 904-3"
33.;"「-ちゃ」 [colloquial contraction of -ては: links a verb with a negative statement]";1160-10
34.;"「-ちゃう」 [colloquial contraction of -てしまう: ""do (something regrettable)""; ""finish __ing""]";"529-18; 1941-6"
35.;"「ちなみに〜」 {因みに〜** 1725} [""incidentally __""]";632-24
36.;"「ちっとも〜ない」 {些とも〜ない* 1789} [""no __ whatsoever""]";"942-28; 2050-13"
37.;"「Compound verbs」";"59-2; 64-7; 67-6"
38.;"「Counters」";"2-1; 3-2"
39.;"「だが」 [""but""]";106-7
40.;"「だい」 [male alternative to か]";1332-4
41.;"「だから」 [""so"", ""that’s why""; ""since"", ""because""]";"43-4; 86-20; 87-6"
42.;"「だからといって〜」 {だからと言って〜 51} [""but it doesn’t follow that __""]";2225-11
43.;"「〜だけ」 [""just __""]";"15-7; 19-4; 51-6; 65-11; 95-9"
44.;"「〜だけで」 [""just by __ing""]";"850-21; 981-24; 1260-32"
45.;"「〜だけで(は)なく / 〜だけじゃなくて」 [""not just __""]";"418-4; 983-14; 1101-21"
46.;"「だけど」 [""but""]";"231-3; 258-5; 280-17"
47.;"「〜だけのことはある」 {〜だけの事はある* 80} [""not __ for nothing""]";1462-14
48.;"「〜だの」 [""__ and __ and the like""]";1475-58
49.;"「-だらけ」 [""covered all over with __""; ""full of __""]";"78-13; 198-5; 878-15; 882-20"
50.;"「だれか」 {誰か 2155} [""someone""]";"159-19; 266-22"
51.;"「だれも」 {誰も 2155} [""no one""]";"47-10; 66-9"
52.;"「だれの」 {誰の 2155} [""whose""]";98-1
53.;"「〜だろう / 〜でしょう」 [""probably __""]";"36-5; 62-2; 265-3; 280-11"
54.;"「〜だろうが〜だろうが / 〜だろうと〜だろうと」 [""be it __ or __""]";"815-17; 923-18; 2179-19"
55.;"「〜だろうか / 〜でしょうか」 [""I wonder __""]";"55-4; 67-10; 115-7; 118-4"
56.;"「-だす」 {-出す 38} [""__ out""; ""start to __""]";"59-2; 83-13; 87-4; 90-11; 166-5"
57.;"「だった」 [past tense of copula だ]";"2-4; 33-11; 48-3"
58.;"「だって〜」 [""because __""]";613-12
59.;"「〜だって」 [""__ too""; ""even __""]";"189-12; 1247-12; 1350-30"
60.;"「〜で」 [""due to __""]";"91-10; 108-7"
61.;"「〜で」 [instrument]";"17-3; 40-10; 79-3; 88-7; 99-12"
62.;"「〜で」 [location]";"2-7; 33-8; 36-2; 37-4"
63.;"「〜で」 [time]";"10-1; 50-6"
64.;"「〜であれ」 [""though it may be __""]";"953-11; 1863-10; 2052-8"
65.;"「〜であれ〜であれ」 [""be it __ or __""]";"1596-21; 1761-20; 1984-22; 2037-12"
66.;"「〜であろう」 [expression of conjecture or resoluteness]";"455-16; 1046-12"
67.;"「である vs. だ」";"15-10; 75-6"
68.;"「〜であっても」 [""though it may be __""]";"1121-32; 1198-12; 1223-23"
69.;"「〜でできる」 {〜で出来る 38, 274} [""be made of __""]";"28-5; 211-2; 212-2"
70.;"「〜でございます」 {〜で御座います** 862, 749} [""be __""]";1595-37
71.;"「できるだけ〜」[""as __ as possible"", ""as much as possible __""]";"407-10; 651-14; 669-14; 922-27"
72.;"「〜でも」 [""even __""]";"80-16; 142-23; 232-8"
73.;"「ではない vs. じゃない」";"15-20; 126-25"
74.;"「どこか」 {何処か** 815, 553} [""somewhere""]";"339-9; 992-14"
75.;"「どこも」 {何処も** 815, 553} [""everywhere""; ""anywhere""]";899-15
76.;"「〜どころか」 [""far from  __""]";"1748-8; 2092-9"
77.;"「-ども」 {-共 356} [plural personal pronoun suffix]";"94-13; 486-26; 546-40; 1510-21"
78.;"「どんなに〜」 [""no matter how  __""]";"232-8; 423-16; 1236-34"
79.;"「どんなに〜か」 [""how __(!)""]";"703-5; 1380-12; 1470-22"
80.;"「どれほど〜か」 {どれ程〜か* 588} [""how __(!)""]";"1878-12; 2145-15"
81.;"「どう」 {如何** 2197, 815} [""how""]";"93-4; 104-6; 222-12"
82.;"「どうか〜」 {如何か〜** 2197, 815} [""please by all means __""; ""pray  __""]";"402-10; 794-14; 1160-11; 1427-13; 1402-3; 1562-5"
83.;"「どうも」 [""somehow""; ""no matter how""]";"15-21; 276-19; 385-9; 546-31"
84.;"「どうにか〜」 {如何にか〜** 2197, 815} [""somehow""]";1448-19
85.;"「-どうし」 {-同士 182, 350} [""fellow __""; ""between/among __""]";"350-8; 498-12; 758-39; 777-6; 963-10"
86.;"「どうぞ」 [""please""]";"35-7; 41-1; 80-11"
87.;"「へ」 [indicates direction]";"41-1; 55-2"
88.;"「Ellipsis」";"1-5; 2-6; 2-9"
89.;"「〜ふうに」 {〜風に 425} [""in (such a) way""]";"1026-18; 1472-22"
90.;"「が」 [""but""]";"83-31; 84-9"
91.;"「が」 [subject marker]";"1-2; 1-5; 1-8"
92.;"「-がち」 {-勝ち 460} [""tend to __""]";"75-6; 422-25; 1662-14"
93.;"「〜がほしい」 {〜が欲しい 1035} [""want  __""]";"6-6; 10-6; 12-5"
94.;"「-がる」 [have or express a feeling; pretend]";"252-3; 309-15; 432-11; 659-4"
95.;"「-がた」 {-方 173} [plural personal pronoun suffix]";"232-6; 869-43; 873-12; 988-11"
96.;"「-がたい」 {-難い* 712} [""un__able""]";"151-8; 548-10; 683-24; 843-31; 1013-10"
97.;"「-げ」[""__-looking"", ""__-like""]";"336-6; 452-5; 460-4; 506-3; 597-25; 779-6; 934-15; 1152-6; 1218-5"
98.;"「〜ごろ」 {〜頃* 1916} [""around __""]";"35-2; 115-4; 265-2"
99.;"「-ごとに」 {-毎に* 105} [""every __""]";"1-1; 55-15; 105-1"
100.;"「〜ごとし」 {〜如し* 2197} [""as if __""]";2197-6
101.;"「ぎゃくに」 {逆に 1775} [""on the contrary""]";1775-21
102.;"「-はじめる」 {-始める 956} [""begin to __""]";"498-8; 889-20; 1225-13"
103.;"「はたして〜」 {果たして〜* 599} [""indeed __""]";"1231-4; 1248-8"
104.;"「はず」 {筈* 1442} [expectation]";"106-7; 237-26; 284-9"
105.;"「〜はずがない」 {〜筈がない 1442} [""__ is impossible""]";864-17
106.;"「〜ほど」 {〜程* 588} [""to __ extent""]";"61-7; 136-19; 208-6; 239-14; 313-3"
107.;"「Honorific verbs」";"77-2; 77-3; 302-3; 371-17; 787-17; 1103-6; 1170-20; 2195-3"
108.;"「ほとんど〜ない」 {殆ど〜ない* 2192} [""almost no(t) __""; ""almost never __""]";"53-15; 63-7; 67-3; 237-25"
109.;"「〜ほうがいい」 {〜方がいい / 〜方が良い* 173} [""had better __""]";"42-5; 173-19; 184-3"
110.;"「〜ほうが〜より」 {〜方が〜より 173} [comparison]";"314-12; 1695-2"
111.;"「Humble expressions」";"53-4; 251-1; 280-16; 1238-9"
112.;"「ひょっとしたら〜 / ひょっとして〜 / ひょっとすると〜」 [""possibly __""]";2173-9
113.;"「一 + counter + として〜ない」 [""not a single __""]";"276-20; 1502-29; 1885-7"
114.;"「いちばん」 {一番 2, 299} [superlative]";"54-9; 91-12; 130-8; 299-1"
115.;"「〜いがい」 {〜以外 66, 266} [""besides __""]";"266-17; 291-2"
116.;"「〜いじょう(は)」 {〜以上は 66, 41} [""given that __""]";2037-8
117.;"「いかが」 {如何** 2197, 815} [""how""; ""would you like __""]";"2-9; 787-14; 2197-31"
118.;"「いかなる〜」 {如何なる〜** 2197, 815} [""any __""]";"552-9; 636-7; 684-14; 704-15"
119.;"「いかに〜」 {如何に〜** 2197, 815} [""how __""]";"946-3; 1117-11; 1806-2; 2197-26; 2197-30"
120.;"「いかにも〜」 {如何にも〜** 2197, 815} [""truly __""]";"1656-15; 2197-13"
121.;"「いく」 {行く 55} [""go""]";"30-7; 55-1"
122.;"「〜いますか」 {〜居ますか* 255} [inquire as to __'s existence or presence]";"94-8; 100-3"
123.;"「Imperative verb ending」";"138-7; 274-12; 497-6; 581-4; 639-1; 642-10; 653-4; 1356-8"
124.;"「infinitive + な」 [prohibitive: ""don't __""]";"51-3; 80-2; 90-7; 125-8"
125.;"「〜いっぽう(だ)」 {〜一方(だ) 2, 173} [""only __""; ""keep on __ing""]";"239-4; 239-13; 353-9; 555-17"
126.;"「いっぽう(で)」 {一方(で) 2, 173} [""while""]";"669-22; 815-28; 1166-13; 1551-9"
127.;"「いっぽうで〜たほうで」 {一方で〜他方で 2, 173, 189, 173} [""on one hand, __; on the other hand, __""]";"1912-46; 2024-7"
128.;"「Irregular humble polite forms」";"21-7; 226-8; 251-1; 276-10; 315-1; 407-7; 1238-9; 1642-2"
129.;"「Irregular verb: くる」";"21-9; 210-7; 274-12; 274-20; 369-6; 699-26; 1419-20"
130.;"「Irregular verb: する」";"1-8; 4-6; 6-4; 15-24; 16-6; 53-16; 54-3; 274-20"
131.;"「いる」 {居る* 255} [""exist""; ""be present""]";"1-6; 34-2; 35-8; 36-10; 40-8; 51-20"
132.;"「いる」 {要る* 547} [""need""]";"143-11; 547-3"
133.;"「いっさい〜ない」 {一切〜ない 2, 86} [""no __ whatsoever""]";"1771-20; 2213-29"
134.;"「いっしょに」 {一緒に 2, 1450} [""together""]";"377-7; 379-14; 649-9; 763-8; 1450-5"
135.;"「いっそう〜」 {一層〜 2, 1224} [""still more __""]";"528-19; 1224-5; 1435-39; 1468-5"
136.;"「いつか」 {何時か** 815, 383} [""sometime""]";"21-7; 326-3"
137.;"「いつも」 {何時も** 815, 383} [""always""]";"2-5; 50-9; 55-12; 67-7"
138.;"「いったん〜」 {一旦〜 2, 1392} [""once __""; "" __ for a time""]";"1392-1; 1392-3; 1468-7; 1517-12; 1662-14; 1689-23"
139.;"「いわば〜」 {言わば〜 51} [""__, so to speak""]";1761-21
140.;"「いわゆる〜」 [""so-called  __""]";"592-11; 642-14; 780-18; 852-8; 1715-36"
141.;"「いぜん(として)」 {依然(として) 701, 760} [""as ever""]";"760-23; 1257-52"
142.;"「-じしん」 {-自身 81, 60} [""__ oneself""]";"81-3; 88-22; 252-5; 420-13"
143.;"「-じたい」 {-自体 81, 62} [""__ itself""]";"569-20; 987-4"
144.;"「-じょう」 {-上 41} [""for __""]";"454-6; 501-12"
145.;"「か」 [""or""]";"3-7; 39-13; 173-16"
146.;"「か」 [question marker]";"1-5; 2-9"
147.;"「〜かどうか」 [""whether __ (or not)""]";"88-20; 97-9"
148.;"「かえって〜」 {却って〜* / 反って〜* 733, 374} [""on the contrary __""]";1570-17
149.;"「〜かぎり」[""as long as __""; ""unless__""]";"282-12; 650-26; 892-28; 1323-2; 1407-22"
150.;"「〜かぎりだ」 {〜限りだ 282} [""extremely __""]";2040-1
151.;"「かい」 [male alternative to か]";"26-4; 1269-17"
152.;"「〜かいなか」 {〜か否か 552} [""whether __ (or not)""]";"552-2; 1097-21; 1503-18"
153.;"「〜か〜か」 [""whether __ or __""]";"36-12; 829-16; 1073-12"
154.;"「〜か〜か」 [""either __ or __""]";"478-10; 969-2; 984-13; 1503-7"
155.;"「かかる」 {掛かる* 1117} [""hang""; ""be caught""]";"18-7; 21-7; 180-15"
156.;"「かける」 {掛ける* 1117} [""hang""; ""put"", ""put on""]";"27-3; 53-11; 72-2"
157.;"「〜かもしれない」 {〜かも知れない* 560} [""might __""]";"142-23; 315-9; 431-6; 502-9"
158.;"「〜かな / 〜かなあ」 [male: ""I wonder __""]";"1028-13; 1269-22"
159.;"「かならずしも〜ない」 {必ずしも〜ない 549} [""not necessarily __""]";"574-22; 721-20; 936-13; 950-31; 1087-30; 1269-25"
160.;"「-かねる」 {-兼ねる 1006} [""cannot __""]";"1006-2; 1006-6; 1717-2"
161.;"「〜かのように」 [""as though __""]";"580-15; 802-13; 815-16; 1075-21; 1305-8; 1342-24"
162.;"「〜から」 [""because __""]";43-4
163.;"「〜から」 [""from __""]";"17-5; 24-7; 32-3; 34-4; 36-5"
164.;"「〜からできる」 {〜から出来る 38, 274} [""be made from __""]";"34-4; 654-6"
165.;"「〜から〜まで」 [""from __ to __""]";"5-5; 28-4; 37-2"
166.;"「〜から〜にいたるまで」 {〜から〜に至るまで 250} [""from A to Z""]";"1264-6; 1656-14"
167.;"「〜から〜にかけて」 [""from __ through __""]";"114-14; 117-15; 402-5"
168.;"「〜からといって」 {〜からと言って 51} [""just because __""]";"760-47; 1505-22; 1505-25"
169.;"「かりに〜」 {仮に〜 921} [""assuming __""]";"921-9; 921-13; 921-17; 1405-14"
170.;"「-かろう」 [""probably __""]";"679-33; 1757-2; 1798-5; 2165-24; 2227-20"
171.;"「かしら」 [female: ""I wonder""]";971-35
172.;"「-かた」 {-方 173} [""way of __""; ""how to __""]";"99-15; 173-11"
173.;"「-かたをする」 {-方をする 173} [""in (such a) way""]";"169-14; 245-7"
174.;"「かつ」 {且つ* 263} [""and""]";"263-1; 633-21; 926-35; 1092-5"
175.;"「〜けっか」 {〜結果 516, 599} [""after __""; ""as a result of __""]";"839-43; 949-21; 1087-32; 1128-24; 1339-14; 1696-26"
176.;"「けっこう〜」 {結構〜 516, 917} [""rather __""]";"917-17; 917-28; 917-37"
177.;"「〜けれども」 [""although __""]";"279-12; 1135-6; 1156-14"
178.;"「-けっして〜ない」[""never __"", ""by no means __""]";"330-6; 330-12; 330-15"
179.;"「〜きがする」[""I get the impression that __"", ""I think __""]";"126-4; 126-17; 136-16; 169-16"
180.;"「〜きこえる」 {〜聞こえる 453} [""__ can be heard""; ""sounds __""]";"453-8; 453-18; 579-16; 1089-24; 1518-5"
181.;"「きみ」 {君 1407} [informal: ""you""]";"2-10; 43-2; 94-9; 94-11; 126-29"
182.;"「〜がきらいだ」 {〜が嫌いだ* 2058} [""dislike __""]";"15-5; 161-2; 578-5"
183.;"「〜きらいがある」 [""have a propensity to  __""]";2035-9
184.;"「-っけ」 [informal question marker]";597-17
185.;"「〜(っ)きり」 [""since __""; ""only __""]";"15-17; 1015-12; 1035-21; 1142-7; 2162-8"
186.;"「こ / そ / あ / ど」";"2-8; 8-7; 9-8; 15-5; 15-12; 15-18; 36-5; 50-5; 53-7"
187.;"「この〜」 {此の〜** 1756} [""this (past) __""; ""this (coming) __""]";100-11
188.;"「このうえない」 {この上ない / 此の上ない** 41, 1756} [""utterly __""; ""supremely __""]";"81-8; 2058-38; 2062-26"
189.;"「〜こそ」 [places focus on the particular person, object, place, time, etc. that was just mentioned]";"296-2; 465-9; 1133-33; 1197-31; 1232-18"
190.;"「〜こと」 [imperative]";880-17
191.;"「こと」 {事 80} [intangible thing]";"23-5; 33-1; 43-4; 50-9; 51-17; 80-2"
192.;"「こと」 {事 80} [nominalizer]";"280-11; 312-6; 668-6; 1062-4"
193.;"「〜ことで」 {〜事で* 80} [""by virtue of __""]";"350-6; 682-25; 704-32; 793-29; 948-6; 1026-17"
194.;"「〜ことがある」 {〜事がある* 80} [""__ has occurred""]";"55-11; 57-2; 77-1; 129-4"
195.;"「〜ことがある」 {〜事がある* 80} [""__ does occur""]";"412-13; 619-22; 701-6; 748-20"
196.;"「〜ことができる」 {〜事ができる* 80} [""be able to __""]";"95-14; 98-6; 147-17; 165-5; 323-2"
197.;"「〜ことになる」 {〜事になる* 80} [""be decided that __""]";"55-21; 648-17; 780-39"
198.;"「〜ことになる」 {〜事になる* 80} [""end up that __""]";"454-14; 650-33; 944-15; 1127-13; 1147-25"
199.;"「〜ことにする」 {〜事にする* 80} [""decide to __""]";"84-11; 99-10; 226-15; 272-4"
200.;"「〜ことによる」 {〜事による* 80} [""result from __""]";2024-6
201.;"「〜ことは」 {〜事は* 80} [""indeed __ (but)""]";950-34
202.;"「〜ことはない」 {〜事はない* 80} [""__ is not necessary""; ""__ is not possible""]";"169-11; 232-8; 563-14; 760-32; 953-11"
203.;"「こういう〜 / こういった〜」 {こう言う〜 / こう言った〜 51} [""such __""]";"478-15; 618-9; 839-43; 1474-3; 1503-6"
204.;"「こうした〜」 [""such __""]";"697-10; 710-34; 804-13; 884-5"
205.;"「こうして」 [""like this""]";"467-11; 470-3; 1045-20"
206.;"「-く」 [""and""; ""so""]";"185-8; 199-7; 334-22"
207.;"「くださる」 {下さる 40} [""give""].";"867-9; 973-34; 1224-13; 2037-2"
208.;"「〜くらい」 {〜位* 577} [""about __""]";"33-11; 35-6; 62-4; 107-10; 182-12"
209.;"「〜くらい」 {〜位* 577} [""to __ extent""]";"92-10; 183-19; 355-13; 403-7; 805-19; 830-22; 864-17; 878-24"
210.;"「〜くれ」 {〜呉れ** 1478} [impolite request]";"51-6; 51-13; 427-9; 605-24; 659-4"
211.;"「〜くれる」 {〜呉れる** 1478} [""give""]";"237-33; 307-4; 478-16"
212.;"「くる」 {来る 274} [""come""]";"21-9; 31-6; 135-5; 219-15"
213.;"「〜くせに」 {〜癖に 1468} [""__ and yet""]";643-15
214.;"「くわえて〜」 {加えて〜 1147} [""in addition, __""]";"1147-17; 1162-17; 1195-21"
215.;"「まちがいなく」 {間違いなく 448, 663} [""unmistakably""]";"294-5; 663-18; 663-24"
216.;"「まだ〜」 [""still __""; ""not yet __""]";"4-1; 4-4; 36-6; 109-10; 136-19; 154-4"
217.;"「〜まで」 {〜迄** 1806} [""until __""]";"1-7; 7-6; 36-13"
218.;"「〜までもない」 {〜迄もない** 1806} [""no need to  __""]";"1624-7; 1811-14"
219.;"「〜までに」 {〜迄に** 1806} [""by (a point in time)""]";"97-4; 103-10; 152-19; 167-2"
220.;"「〜まい」 [""isn't/aren't/won't __""]";"478-15; 1907-16; 2027-20; 2037-12"
221.;"「まい〜のように」[""almost every __""]";2141-11
222.;"「〜まま」 [""as is/was""]";"220-4; 236-8; 253-6; 300-14; 308-7; 329-11"
223.;"「まさか〜」 [""surely not __""]";1407-26
224.;"「-ませんか」 [""won't you __""]";"61-3; 179-19; 221-6; 258-3; 280-8"
225.;"「まし(だ)」 [""(is) less undesirable""]";1965-6
226.;"「まして(や)〜」 [""to say nothing of __""]";2198-4
227.;"「-ましょう」 [""I/we shall __""; ""let's __""]";"9-4; 14-4; 21-7"
228.;"「-ましょうか」 [""shall I/we __""]";"223-5; 467-30; 959-9; 1765-5"
229.;"「または」 {又は* 58} [""or""]";"58-1; 60-10"
230.;"「まとめる」[""gather"", ""put together"", ""unify""; ""arrange"", ""summarize""].";"102-8; 183-18; 478-14; 989-12; 1587-20"
231.;"「-め」 {-目 21} [""__th""]";11-3
232.;"「めいめい」 {銘々 1546} [""each (person)""]";"1546-3; 1546-6; 2233-6"
233.;"「-めん」 {-面 175} [""aspect of __""]";"189-10; 305-9"
234.;"「めったに〜ない」 {滅多に〜ない 1149, 267} [""seldom __""]";"611-3; 1149-7; 1149-14; 1575-7; 1605-20"
235.;"「〜みえる」 {〜見える 83} [""__ can be seen""; ""looks __""]";"83-4; 83-12; 83-19; 83-27; 84-14; 117-6"
236.;"「みるからに〜」 {見るからに〜 83} [""visibly __""]";1804-12
237.;"「〜みたい(だ)」 [""(is) like __""; ""seems like __""]";"90-2; 231-5; 341-6; 560-28; 564-4; 677-19"
238.;"「〜も」 [""also __""]";"15-16; 113-6; 103-12; 151-5; 161-6; 182-3; 222-10"
239.;"「〜も」 [""even __""]";"2-3; 2-6; 15-18; 50-6"
240.;"「〜も〜も」 [""both __ and __""; ""neither __ nor __""]";"3-6; 15-16; 23-4"
241.;"「もん」 [colloquial contraction of もの].";"341-6; 676-2; 1317-25; 1427-16; 2275-24"
242.;"「もの」 {物 172} [tangible thing]";"47-12; 59-7; 59-13; 172-9"
243.;"「〜もの(だ)」 [emphasis on a particular situation]";"404-11; 475-24; 476-12; 575-5; 676-2"
244.;"「〜もの(だ)」 [""(is) something that __""]";"60-7; 130-9; 257-4; 266-20; 341-6"
245.;"「〜ものか」 [""no way __""]";2275-24
246.;"「〜もの(だろう)か」 [expression of uncertainty or wish]";"425-15; 1589-9"
247.;"「〜ものなら(ば)」 [""were it the case that __""]";2032-23
248.;"「〜ものの」 [""although __""]";"973-32; 1153-13; 1852-10; 1893-10"
249.;"「ものを」 [""but (alas)""]";2014-27
250.;"「もらう」 {貰う* 1160} [""receive""]";"30-6; 105-8; 1160-1"
251.;"「もしかしたら〜 / もしかして〜 / もしかすると〜」 {若しかしたら* / 若しかして* / 若しかすると* 404} [""perhaps __""]";2062-38
252.;"「もし(も)〜」 [""if __""]";"55-3; 143-11; 226-7; 954-13; 995-16"
253.;"「もたらす」[""bring""; ""bring about""; ""introduce""].";"849-52; 884-5; 1021-22; 1257-55; 1260-36; 1466-28"
254.;"「もう〜」 [changed state]";"4-6; 10-7; 15-22; 38-3; 48-6; 63-1"
255.;"「もう + (numeral) + (counter)」[""__ more""].";"2-9; 2-10; 51-6; 67-14; 76-8; 113-24"
256.;"「むしろ」 [""rather""]";"632-22; 1234-8; 1237-11; 1526-8; 1617-4"
257.;"「-ん」[colloquial contraction of -ない";"478-20; 1133-33"
258.;"「な」 [male alternative to ね]";"62-5; 84-12; 126-8; 206-1; 218-5; 336-14; 492-14; 1317-25"
259.;"「なあ」 [exclamation]";"143-5; 143-8; 274-8; 1149-4"
260.;"「〜など」 {〜等* 393} [""such as __""]";"172-6; 179-18; 245-7; 393-8; 409-1; 506-3; 1130-46"
261.;"「〜などと」 {〜等と* 393} [paraphrase]";"644-14; 741-27; 1269-24; 1668-18; 1748-7"
262.;"「〜ながら」 [""while __""]";"339-11; 355-16; 439-9; 476-9; 565-10; 578-7"
263.;"「〜ながら(も)」 [""though __""]";"760-36; 1327-13; 1407-20; 1634-25; 1988-8"
264.;"「ない」 [informal negative of ある]";"1-4; 2-3"
265.;"「-ないで」 [""do not __""; ""without __ing""]";"51-9; 114-5; 255-4"
266.;"「ないし(は)」 {乃至は* 1754, 250} [""from __ to__""; ""between __ and __""; ""__ or __""]";"1761-21; 2037-9; 1754-1"
267.;"「-ないといけない」 [imperative]";"97-4; 143-12"
268.;"「なかなか〜」 {中々〜* 35} [""quite __""; ""not readily/quickly __""]";"46-16; 84-12; 231-3; 378-6; 239-15"
269.;"「なかった」 [negative past tense of ある]";2-6
270.;"「-なければいけない」 [imperative]";"81-9; 306-13"
271.;"「-なければならない」 [imperative]";"96-11; 145-5"
272.;"「-なく」 [""not __, so __""; ""not __, but __""]";"61-12; 294-5; 623-24"
273.;"「-なくなる」 [""no longer __""]";"301-11; 313-5; 448-26"
274.;"「-なくて」 [""not __, so __""]";"99-16; 411-3"
275.;"「-なくても」 [""even without __""]";"55-8; 305-11"
276.;"「-なくてはならない / -なくてはいけない / -なくてはだめ」 [imperative]";"272-3; 442-8; 526-17"
277.;"「-なきゃ(いけない / ならない)」[colloquial contraction of -なければ(いけない / ならない): ""must __""].";"582-14; 1133-33; 1167-2"
278.;"「なんでも」 {何でも* 815} [""whatever""]";"80-16; 293-4; 837-22"
279.;"「なにか」 {何か* 815} [""something""; ""anything""]";"39-2; 80-4; 96-10; 97-7; 126-17"
280.;"「なにも」 {何も* 815} [""nothing""]";"51-16; 83-6; 83-25; 83-31; 143-9"
281.;"「なにしろ」 {何しろ* 815} [""indeed"" - used to emphasize a description]";1514-19
282.;"「〜なんか」 [""such (things)/such (a thing)""]";"337-3; 443-10; 573-6; 698-15; 1027-6; 1063-12; 1260-29; 1622-8"
283.;"「〜なので」 [""since __""]";"144-7; 390-3; 409-3"
284.;"「なんらかの〜」 {何らかの〜* 815} [""some (kind of) __""]";"488-5; 555-37; 1872-29"
285.;"「なんら〜ない」 {何ら〜ない* 815} [""no __ whatsoever""]";"1639-27; 1849-25; 2056-6"
286.;"「なんて」 {何て〜* 815} [""what __""]";"878-17; 1356-1; 1681-33"
287.;"「〜なんて」 [""such (things)/such (a thing)""]";"51-23; 126-29; 171-3; 274-18; 617-21; 584-26"
288.;"「なんと〜」 {何と〜* 815} [""how __""]";"1079-7; 1648-23; 1662-10"
289.;"「なんとか」 {何とか* 815} [""somehow""]";"526-23; 1214-2; 1317-13"
290.;"「なお〜」 {尚〜* 184} [""still (more) __""]";"358-3; 373-10; 1343-8; 1453-27"
291.;"「なおさら」 {尚更* 184, 889} [""still (more) __""]";"889-19; 1143-18; 1553-25"
292.;"「〜なら(ば)」 [""if __""]";"55-13; 91-9; 92-11; 143-11"
293.;"「〜なり」 [""the moment __""]";1017-22
294.;"「〜なり〜なり」 [listing of two examples/possibilities]";2095-34
295.;"「なりの〜」 [""(one's) own particular __""]";"173-21; 1149-14; 2156-18"
296.;"「なるべく」[""as __ as possible"", ""as much as possible __""]";"214-6; 1518-10; 2048-21"
297.;"「なるほど」 [""indeed""; ""Ah, that makes sense.""]";"595-13; 1931-12"
298.;"「-なさい」 [imperative]";"55-7; 80-3; 180-10"
299.;"「〜なしでは」 [""without __""]";36-9
300.;"「〜なしに」 [""without __ing""]";"159-9; 1233-3"
301.;"「〜なしには」 [""without __""]";38-8
302.;"「なす」 {為す* 1236} [""(to) effect"" (i.e., bring about, realize, perform, etc.)]";"518-15; 954-14; 1743-20; 1748-1; 2048-29; 2056-5; 2075-27; 2103-14"
303.;"「なぜか〜」 {何故か** 815, 257} [""for some reason __""]";"530-5; 2014-15"
304.;"「なぜなら(ば)〜からだ」 {何故なら(ば)〜からだ** 815, 257} [""because __""]";180-16
305.;"「-んばかり(に)」 [""practically __""]";"1764-18; 2043-8; 2136-11"
306.;"「ね」 [speaker seeks confirmation/agreement]";"15-8; 15-14; 24-9; 87-6; 89-2"
307.;"「ねえ / ねぇ」 [exclamation]";"39-10; 1607-25; 1712-17; 2213-28"
308.;"「ねえ / ねぇ」 [vulgar pronunciation of ない].";"643-20; 2267-10"
309.;"「-ねばならない」 [imperative]";500-5
310.;"「ねがう / ねがいます」 {願う / 願います 214} [request]";"17-3; 190-5; 214-1"
311.;"「〜に」[time of occurrence]";"1-8; 3-1; 4-3; 9-4; 25-3; 30-7; 55-14"
312.;"「〜に」[marks indirect object]";"2-10; 28-2; 29-7; 51-3; 51-9; 51-13; 51-19; 53-11"
313.;"「〜に」[marks agent/source]";"21-7; 21-8; 47-10; 56-5; 92-9; 135-8; 137-4; 330-4"
314.;"「〜に」[""on __""]";"14-1; 27-3; 60-2; 62-8; 64-4; 64-7; 64-9; 124-8; 125-9"
315.;"「〜に」[location of existence]";"3-7; 15-18; 22-2; 27-5; 33-5; 34-2; 35-8"
316.;"「〜に」[""to __"", ""toward __""]";"10-8; 21-4; 21-5; 24-3; 26-3; 29-6; 30-7; 38-1; 38-12"
317.;"「〜にあたり / 〜にあたって」 {〜に当たり / 〜に当たって 141} [""on the occasion of __"", ""when __""; ""for __""]";"1510-24; 1668-22; 1953-9; 2164-6"
318.;"「〜にちがいない」 {〜に違いない 663} [""no doubt __""]";"663-35; 741-10; 893-26; 903-19"
319.;"「〜にはんして / 〜にはんする」 {〜に反して / 〜に反する 374} [""contrary to __""]";"374-1; 374-6; 532-28; 543-3"
320.;"「〜にほかならない」 {〜に他ならない 189} [""be nothing but __""]";815-39
321.;"「〜にかぎらず」 {〜に限らず 282} [""not limited to __""]";"795-15; 869-44"
322.;"「〜にかぎって」 {〜に限って 282} [""only (this one) of all (its group)""]";"637-7; 1927-8"
323.;"「〜にかかわらず」 {〜に関わらず 451} [""regardless of __""]";"975-16; 1052-10"
324.;"「〜にかけては」 [""when it comes to __""]";298-20
325.;"「〜にかんして / 〜にかんする」 {〜に関して / 〜に関する 451} [""with regard to __"", ""about __""]";"451-9; 451-11; 495-4; 540-21; 582-29"
326.;"「〜にかわって」 {〜に代わって 71} [""in place of __""]";"1661-26; 1922-35"
327.;"「〜にきがつく」[""notice __""]";"126-6; 238-15; 327-14; 382-4"
328.;"「〜にきまっている」 {〜に決まっている 330} [""be bound to __""]";653-24
329.;"「-にくい」 {-難い* 712} [""hard to __""]";"46-12; 135-4; 235-4"
330.;"「〜にくらべると / 〜にくらベて」 {〜に比べると / 〜に比べて 123} [""compared to __""]";"123-5; 1118-10; 1227-14"
331.;"「〜にもかかわらず」 {〜にも関わらず 451} [""although __""]";"650-29; 1238-25; 1430-26; 1760-32"
332.;"「〜にもとづいて / 〜にもとづく」 {〜に基づいて / 〜に基づく 485} [""based on __""]";"485-4; 499-10; 499-26; 532-32; 1165-23"
333.;"「〜になると」 [""when __ comes""]";"238-11; 239-15; 243-3; 454-13; 467-33"
334.;"「〜において / 〜における」 {〜に於いて* / 〜に於ける* 1885} [""in/on/at/to __""]";"194-10; 282-11; 371-10; 379-14; 427-5; 539-24; 1885-1; 1885-2"
335.;"「〜におうじて / 〜におうじた」 {〜に応じて / 〜に応じた 850} [""in response to __""; ""corresponding to __""]";"860-12; 1036-13; 1039-13; 1099-13; 1147-11; 1224-10"
336.;"「〜にさらされる」 [passive form of さらす (""expose""): ""be exposed to __""].";"76-7; 425-6; 799-40; 888-11"
337.;"「〜にしろ / 〜にせよ」 [imperative]";1377-21
338.;"「〜にしろ / 〜にせよ」 [""regardless of (whether) __""]";"923-18; 1276-17; 1874-18; 2179-19; 2189-43"
339.;"「〜にしたがって / 〜にしたがい」 {〜に従って / 〜に従い 869} [""in accordance with __""; ""as __""]";"544-21; 869-17; 869-36; 892-19; 1712-37"
340.;"「〜にして〜」 [""both __ and __""]";1304-18
341.;"「〜にして」 [""at/in (such a) time""]";"167-5; 1432-28; 1484-31"
342.;"「〜にしても」 [""regardless of (whether) __""]";"1260-28; 1466-27; 2150-33"
343.;"「〜にしては」 [""for (a) __""]";"676-5; 1022-17; 1498-9"
344.;"「〜にすぎない」 {〜に過ぎない 464} [""be merely __""]";"674-12; 799-30; 838-24; 1454-4"
345.;"「〜にすむ」 {〜に住む 366} [""live in (a particular place)"" - generally conjugated in -ている form].";"22-2; 254-11; 366-2"
346.;"「〜にする」 [""opt for __""]";"6-4; 16-6; 42-5; 53-10"
347.;"「〜にたいして / 〜にたいし」 {〜に対して / 〜に対し 650} [""toward __""; ""(as) against __""]";"502-10; 551-7; 650-30; 738-42; 744-12; 760-43"
348.;"「〜にとどまらず」 {〜に止まらず 42} [""go beyond __""]";2222-11
349.;"「〜にとって」 [""as far as __ is concerned"", ""for/to __""]";"33-7; 95-10; 201-6; 244-7; 245-6; 277-10"
350.;"「〜について」 {〜に就いて** 1283} [""about __""]";"51-21; 77-2; 79-7; 80-17; 81-11; 106-4; 118-6"
351.;"「〜につけ」 {〜に付け* 64} [""whenever __""]";2032-18
352.;"「〜につき」 {〜に付き* 64} [""per __""]";"15-1; 38-6; 394-8; 1743-13"
353.;"「〜につれて / 〜につれ」 {〜に連れて* / 〜に連れ* 582} [""as __""; ""in proportion to __""]";"375-4; 424-6; 553-12; 1483-20; 1512-16; 1686-7"
354.;"「〜には」 [""for the purpose of __""]";"125-10; 204-7; 303-11; 315-12"
355.;"「〜にわたって / 〜にわたる」 {〜に亘って* / 〜に亘る* 1395} [""spanning over __""]";"78-12; 778-14; 968-3; 1118-8; 1155-21; 1395-1"
356.;"「〜によらない」 {〜に依らない* 701} [""without (being based on) __""].";"1473-18; 1608-17; 1657-32; 2190-37; 2191-15"
357.;"「〜によらず」 {〜に依らず* 701} [""independent of (whether) __""]";1197-33
358.;"「〜によれば」 {〜に依れば* 701} [""according to __""]";"1260-31; 1472-43; 1576-17; 1761-19"
359.;"「〜による」 {〜に依る* 701} [""based on __""; ""by __""].";"182-2; 227-19; 348-2; 368-12; 387-9; 389-3"
360.;"「〜によると」 {〜に依ると* 701} [""according to __""]";"51-20; 256-5; 546-41"
361.;"「〜によって / 〜により」 {〜に依って* / 〜に依り* 701} [""based on/depending on __""; ""due to __""]";"45-6; 129-5; 135-7; 420-6; 1005-39; 1078-30; 1266-7; 1399-9"
362.;"「〜によって + passive」 {〜に依って* 701} [""(done) by __""]";"45-6; 154-10; 155-7; 235-3; 302-7; 341-4"
363.;"「の」 [nominalizer]";"43-6; 51-10; 70-11; 83-15; 95-13; 97-9; 112-4"
364.;"「の」 [marks end of modifying phrase]";"2-5; 2-7; 2-10; 3-7; 4-3; 6-7; 9-6; 10-2"
365.;"「の」 [female: explanation or assertion]";"384-21; 802-8; 1111-11"
366.;"「の(?)」 [female: question marker]";"5-8; 37-4; 55-2; 152-10; 847-26; 1987-11"
367.;"「〜ので」 [""because __""]";"67-11; 71-15; 103-12; 142-25"
368.;"「(の)であれば」 [""if it's the case that __""]";815-39
369.;"「のである / のです / のだ / んだ」 [explanation or assertion]";"33-9; 36-5; 38-9; 46-8; 71-6; 83-29; 113-20; 294-6; 423-17"
370.;"「〜(の)かわりに」 {〜(の)代わりに 71} [""in place of __""; ""in compensation for __""]";"71-5; 71-9; 71-15; 82-2; 100-12; 315-10"
371.;"「〜のこと」 {〜の事* 80} [""about __""]";"29-2; 53-15; 78-16; 80-2; 85-4; 88-22; 95-4; 134-17; 142-24; 321-5"
372.;"「〜のみ」 [""only __""]";"282-4; 412-7; 549-21; 760-34"
373.;"「〜のみならず」 [""not only __""]";"1260-36; 2083-12"
374.;"「〜のもとで」 {〜の下で 40} [""under __""]";"76-6; 393-14; 398-11; 542-18; 753-6; 923-12; 932-37; 1213-9"
375.;"「〜のなさ」 {〜の無さ* 48} [""lack of __""]";"1818-4; 2217-11"
376.;"「〜のに」 [""even though __""]";"148-7; 148-14; 221-10; 266-15; 286-2"
377.;"「〜のに」 [""in order to __""]";"190-7; 272-2; 294-2; 302-21; 368-16"
378.;"「〜(の)うえで」 {〜(の)上で 41} [""upon __""]";2278-13
379.;"「〜のうえでは」 {〜の上では 41} [""as far as __ is concerned""]";1113-12
380.;"「〜のは〜だ」 [statement about a clause]";"97-9; 99-16; 111-5; 117-11; 1466-23"
381.;"「-んとする」 [""try to __""; ""be about to __""]";"1999-33; 2197-32"
382.;"「-ぬ」 [""not __""]";"560-13; 642-17; 658-1; 956-38"
383.;"「Numerals」;1-2;";5-2
384.;"「お-」 [prefix expressing politeness]";"10-6; 23-4; 27-2; 29-1; 35-10; 53-8; 77-3"
385.;"「〜おかげ」 {〜お陰* 1311} [""thanks to __""]";"438-4; 564-8; 607-12; 615-2; 1640-25; 1982-9"
386.;"「お-〜ください / ご-〜ください」 {お-〜下さい / ご-〜下さい 40} [""please __""]";"126-22; 162-4; 338-4; 366-4; 1133-24; 1256-33"
387.;"「おまえ」 {お前 113} [very informal: ""you""]";"113-9; 113-20"
388.;"「おまけに〜」 {お負けに〜* / 御負けに〜** 829, 862} [""what's more, __""]";521-12
389.;"「おもいきって〜」 {思い切って〜 142} [""boldly/resolutely __""]";"142-22; 249-9; 1558-17; 1913-19; 2020-46"
390.;"「おもうに〜」 {思うに〜 142} [""in my view __"", ""I think __""]";"588-19; 1374-7; 1621-7; 1829-38; 2289-13"
391.;"「お-〜になる」 [polite description of outgroup person's action]";"299-13; 560-30; 1112-13"
392.;"「おのおの」 {各々 786} [""each""]";"786-5; 1186-2"
393.;"「おおむね」 {概ね 1821} [""on the whole""; ""roughly""]";1885-6
394.;"「おおわれる」 {覆われる 1870} [passive form of おおう (""cover""): ""be covered""].";"78-17; 607-13; 912-4; 1652-11; 1870-6"
395.;"「おれ」 {俺 1356} [very informal: ""I""]";"113-23; 124-8; 182-10"
396.;"「〜おり(に)」 {〜折りに* 1698} [at a particular time/opportunity/occasion]";1698-23
397.;"「お-〜する」 [polite description of action by oneself or another ingroup person]";"17-3; 18-6; 53-4"
398.;"「および」 {及び* 1760} [""and""]";"356-11; 393-20; 581-10; 636-7; 696-4; 1760-25"
399.;"「およそ〜」 {凡そ〜** 1629} [""generally __""; ""roughly __""]";"71-14; 129-5; 554-16; 596-9; 652-4; 2062-32"
400.;"「Past tense adjectives」";"2-6; 36-13"
401.;"「Past tense verbs」";"1-2; 1-6; 2-4; 3-6; 5-2; 5-3; 7-3"
402.;"「-っぱなし」 {-放し* 574} [leave in an improper state]";67-11
403.;"「-っぽい」 ["" __like""]";"27-6; 240-4; 631-17"
404.;"「-ら」 {-等* 393} [plural personal pronoun suffix]";"15-16; 223-7; 264-10"
405.;"「-られる」 [passive]";"42-4; 45-7; 47-11; 47-12; 51-23; 53-16; 55-21; 76-5; 76-7"
406.;"「〜らしい」 [""(it) seems (that) __"", ""I heard (that) __""; ""__-like""]";"15-20; 92-2; 93-5; 97-7; 152-2; 171-1"
407.;"「れいの〜」 {例の〜 721} [reference to an understood object: ""the aforementioned __"", ""that __"", ""the customary __""]";"743-7; 1078-27; 1080-6; 1472-12; 1636-12; 1774-5"
408.;"「ろくに〜ない」 [""not properly __""]";1009-26
409.;"「-さ」 [""__ness""]";"186-6; 260-6"
410.;"「〜さ」 [""__, I tell you.""]";"910-17; 1167-10; 1731-15; 1916-28; 1925-17"
411.;"「〜さえ」 [""even __""; ""(if) just __""]";"88-22; 142-15; 403-8; 422-32; 461-15; 503-24"
412.;"「〜さい(に)」 {〜際に 638} [""on the occasion of __"", ""when __""]";"638-6; 638-15; 642-6; 669-31; 712-19"
413.;"「さらに〜」 {更に〜 889} [""still more __""]";"78-17; 84-11; 237-33; 708-22; 774-14; 889-7"
414.;"「さらす」 [""expose""].";"398-19; 1031-25"
415.;"「-させられる」 [causative-passive verbs]";"383-17; 823-15; 859-25; 947-8; 1142-6; 1182-10; 1419-18; 1564-28; 1949-12"
416.;"「-させられる」 [causative  {-させる} + potential  {-られる}; cf. causative-passive  {-させられる, DJG 1 p 392}]";706-37
417.;"「-させる」 [causing/permitting]";"135-8; 145-4; 289-8; 303-6; 303-10; 357-5; 677-28; 826-5; 827-23"
418.;"「-さす」 [causing/permitting]";2154-8
419.;"「さすが」 [""as one might expect""]";560-29
420.;"「さて」 [initiates a new matter]";"467-30; 483-4; 568-18; 664-13; 1017-22"
421.;"「さぞ(かし)〜」 [""must be __""]";775-42
422.;"「せい」 [""because of __""]";"927-36; 1018-28; 1105-2; 1466-23; 1580-9; 1593-43"
423.;"「せっかく〜」 {折角〜** 1698, 342} [indicates a situation that should be taken advantage of]";"253-8; 1252-1; 1683-16"
424.;"「せめて〜」 [""at least __""]";1876-12
425.;"「し」 [""and"", ""besides""]";"94-9; 218-9; 263-2; 1317-25"
426.;"「〜しだい」 {〜次第 1191} [""as soon as __""; ""depends on __""]";"1191-2; 1191-3; 1434-1; 1505-14; 1675-4"
427.;"「しかも〜」 [""and __""; ""and yet __""]";"1494-2; 1924-4; 1596-21; 1620-16; 1638-3; 1659-14; 1912-46"
428.;"「しか〜ない」 [""no more than __/no other than __""]";"1-4; 10-7; 51-12; 83-11; 88-23; 94-10"
429.;"「しかし」 [""but""]";"464-21; 478-16"
430.;"「しる」 {知る 560} [""know""]";560-15
431.;"「したがって〜」 {従って〜 869} [""accordingly, __""]";"869-39; 926-36; 1022-23; 1040-5; 1113-11; 1302-5"
432.;"「そこで〜」 {其処で〜** 1757, 553} [""(and) so __""]";"96-6; 142-21; 194-12; 569-21; 582-31; 679-33"
433.;"「そもそも(の)」 {抑** / 抑抑** 1137} [""to begin with"", ""originally""]";"1613-8; 1821-10; 2206-4"
434.;"「〜そのもの」 [""__ itself""]";"831-31; 1062-21; 1130-41; 1756-9"
435.;"「そのうえ〜」 {その上〜 41} [""furthermore, __""]";"1191-24; 2179-19"
436.;"「それだけ」 {其れだけ** 1757} [""that much""]";942-30
437.;"「それで〜」 {其れで〜** 1757} [""that's why __""]";"1064-18; 1260-30"
438.;"「それでも〜」 {其れでも〜** 1757} [""yet __""]";179-13
439.;"「それでは〜」 {其れでは〜** 1757} [""then __""]";237-23
440.;"「それどころか」 {其れどころか** 1757} [""far from it""]";1033-17
441.;"「それから〜」 {其れから〜** 1757} [""and then __""]";"61-10; 76-8; 96-11; 183-19"
442.;"「それも〜」 {其れも〜** 1757} [""what's more, __""]";"1323-5; 1530-10"
443.;"「それなら〜」 {其れなら〜** 1757} [""in that case, __""]";"184-3; 1735-19"
444.;"「それなりの」 {其れなりの** 1757} [""(one's) own particular __""]";"1149-14; 1585-15"
445.;"「それに〜」 {其れに〜** 1757} [""in addition, __""]";"310-9; 344-12; 631-22"
446.;"「それと〜」 {其れと〜** 1757} [""in addition, __""]";1356-12
447.;"「それとも〜」 {其れとも** 1757} [""or __""]";"36-12; 75-11; 1296-3; 1672-18; 1917-36; 2062-36"
448.;"「それぞれ」 {其々** 1757} [""each""; ""respectively""]";"65-12; 95-3; 113-14; 298-23; 384-11; 437-3"
449.;"「そして」 [""and""]";"76-8; 141-20; 157-10; 183-14; 278-10"
450.;"「-そう(だ)」 [""look __""; ""__-looking""]";"97-1; 180-12; 230-1; 563-13; 726-7; 780-30"
451.;"「〜そうだ」 [""I heard that __""]";"617-16; 775-37; 845-12"
452.;"「そういう〜 / そういった〜」 {そう言う〜 / そう言った〜 51} [""such __""]";"310-10; 577-25; 628-28; 633-21; 683-19"
453.;"「-そうになる」 [""on the verge of __""]";"941-10; 1373-10"
454.;"「そうした〜」 [""such __""]";"691-11; 838-29; 981-23"
455.;"「そうして」 [""like this""]";"669-29; 927-36"
456.;"「〜すえ(に)」 {〜末(に) 272} [""at the end of __""]";"233-6; 272-3; 272-4; 2109-27"
457.;"「-すぎる」 {-過ぎる 464} [""__ too much"", ""over-__""]";"113-9; 143-10; 171-3; 185-5; 202-2; 464-3"
458.;"「すぐ」 [""immediately""; ""directly""]";"21-5; 39-3; 55-5; 64-11; 91-11; 114-10"
459.;"「すきだ」 {好きだ 95} [""be fond of""]";95-6
460.;"「すくない」 {少ない 677} [""few""; ""little""]";"30-5; 107-4; 677-3"
461.;"「すくなくとも〜」 {少なくとも〜 677} [""at least __""]";"677-32; 842-31"
462.;"「すなわち〜」 {即ち〜* 390} [""namely, __"", ""that is, __""]";"471-1; 557-9; 1197-25; 1459-17"
463.;"「〜すら」 [""even __""]";"549-27; 795-15; 1083-10; 1607-33"
464.;"「すると〜」 [""then __""]";"316-13; 450-23; 579-15"
465.;"「-たあとで」 {-た後で 114} [""after __ing""]";"793-28; 1024-5"
466.;"「〜たびに」 {〜度に* 280} [""every time __""]";"280-13; 355-20; 1028-24"
467.;"「-たち」 {-達 1475} [plural personal pronoun suffix]";"15-17; 71-8"
468.;"「ただ〜」 {只〜* 1194} [""just __"", ""only __""]";"303-14; 349-4; 431-4; 597-24; 648-14; 1194-5"
469.;"「ただの〜」 {只の〜* 1194} [""ordinary __"", ""nothing but __""]";"83-27; 515-20; 706-30; 1454-4"
470.;"「ただし〜」 {但し〜 1393} [proviso: ""however, __""]";1393-3
471.;"「-たい」 [""want to __""]";"15-11; 51-21"
472.;"「たいへん〜」 {大変〜 33, 775} [""terribly __""]";775-25
473.;"「〜たいとおもっている」 {〜たいと思っている 142} [""would like to __""].";"142-18; 237-21"
474.;"「たかが〜」 {高が〜** 185} [""mere __""]";392-1
475.;"「-たくない」 [negative form of -たい (""want to __""): ""do not want to __""]";"33-6; 51-15; 58-3"
476.;"「たくさん」 {沢山* 1504, 37} [""a lot of""]";"29-7; 68-12"
477.;"「-たまえ」 {-給え* 526} [male, familiar: imperative]";"1448-9; 1561-9; 1652-10"
478.;"「たまには〜」 [""occasionally __""]";"873-9; 2125-9"
479.;"「〜ため(に)」 {〜為に* 1236} [""for (the sake of) __""]";"15-9; 38-13; 45-7; 46-9; 78-6; 83-28"
480.;"「〜ため(に)」 {〜為に* 1236} [""because of __""]";"154-8; 266-18; 361-7; 368-17; 415-8"
481.;"「-たら」 [""if __""; ""when __""]";"55-3; 130-6; 136-15; 142-23; 148-10"
482.;"「-たら(どうですか)」 [""why not __""]";"91-3; 1505-10"
483.;"「〜-たり〜-たりする」 [partial enumeration of actions/states]";"201-8; 505-13"
484.;"「たりとも〜ない」 [""not a single __""]";"386-10; 1464-10; 1802-3"
485.;"「〜たるや」 [""when it comes to __""]";2166-16
486.;"「たしかに〜が」 {確かに〜が 1133} [""indeed __, but __""]";1743-18
487.;"「たとえ〜」[""even if __"", ""no matter __""]";"1681-50; 1988-6; 2014-23"
488.;"「-たところで」 [""even if __""]";811-5
489.;"「たった〜」 [""just __"", ""only __""]";"13-6; 63-9; 1057-16; 1330-25; 1801-1"
490.;"「-たって」 [""even if __"", ""no matter __""]";"761-13; 2014-23"
491.;"「-てあげる」 {-て上げる* 41} [""do __ (for someone)""]";"60-6; 276-23; 788-20"
492.;"「-てある」 [indicates completed action and resulting condition]";"79-10; 340-11; 343-6"
493.;"「-て / -で」 [connective form of verbs]";"5-7; 7-5; 12-8; 28-5; 38-5; 46-14; 47-3; 55-5; 56-2"
494.;"「-て / -で」 [connective form of adjectives]";"33-11; 48-7; 80-11; 176-4; 185-8; 215-6; 262-11"
495.;"「-てはじめて」 {-て初めて 710} [""not until __"", ""for the first time in __""]";"710-27; 752-12; 1971-27; 2299-17"
496.;"「-てほしい」 {-て欲しい 1035} [""want(s) (someone) to __""]";"71-6; 73-8; 103-10; 1035-26; 1373-8"
497.;"「-ていく」 {-て行く 55} [""go on __ing""]";"239-14; 336-9; 521-9; 817-21"
498.;"「-ている」 [""be __ing""; ""have (done) __""]";"4-6; 12-7; 15-21; 21-6; 22-2; 33-8; 34-3; 67-13"
499.;"「-ているひと」 {-ている人 15} [""person (who is) __ing""]";"35-9; 67-13"
500.;"「-ていただく」 {-て頂く / -て戴く* 1913, 1914} [""do __ for (me)""]";"280-16; 282-7; 309-17; 1913-5"
501.;"「-てから」 [""after __ing""; ""since __""]";"117-23; 226-11; 233-1; 253-7; 423-17"
502.;"「-てください」 {-て下さい 40} [""please __""]";"6-4; 8-6"
503.;"「-てくださる」 {-て下さる 40} [""do __ for (me)""]";"225-5; 231-6; 348-7"
504.;"「-てくれる」 {-て呉れる** 1478} [""do __ for (me)""]";"71-3; 71-15; 100-6; 160-2; 165-3; 179-19"
505.;"「-てくる」 {-て来る** 274} [""begin to __""; ""come to __""; ""up to now""]";"83-24; 246-2; 294-6; 336-15; 735-11"
506.;"「-てみる」 [""try (out) __""; ""check out __""]";"74-3; 97-5; 104-3; 106-1; 298-11"
507.;"「-てみせる」 {-て見せる* 83} [""am determined to __""]";"461-11; 809-9"
508.;"「-ても」 [""even if __""]";"191-21; 239-13; 282-11"
509.;"「-てもいい」 [""all right if __""]";"55-8; 100-12; 125-5; 132-6; 249-11"
510.;"「-てもらう」 {-て貰う** 1160} [""do __ for (me)""]";"135-9; 223-3; 279-10; 302-17; 311-4; 1160-3"
511.;"「-てならない」 [""cannot help/bear __""]";"1184-5; 2034-14"
512.;"「〜てん(で)」 {〜点(で) 349} [""in terms of __""]";"349-3; 349-4; 349-10; 349-12; 767-3"
513.;"「-ておく」 {-て置く 843} [indicates act of prudence/getting something done]";"52-3; 83-28; 109-7; 174-6; 240-3; 274-21"
514.;"「-ており」 [written equivalent of verbal connective -ていて]";"669-30; 797-17; 812-19; 889-13; 932-56; 1102-13"
515.;"「-てる」 [colloquial contraction of -ている: ""be __ing""; ""have (done) __""]";"113-23; 398-5; 565-13; 578-9; 597-12"
516.;"「-てしかたがない / -てしようがない / -てしょうがない」 {-て仕方がない / -て仕様がない 371, 173, 501} [""cannot help/bear __""]";"371-25; 1084-2"
517.;"「-てしまう」 [""do (something regrettable)""; ""finish __ing""]";"102-7; 134-16; 152-19; 288-20; 334-21; 371-30"
518.;"「-てすます / -てすませる」 {-て済ます / -て済ませる 1260} [""make do (with __)""]";1616-14
519.;"「-てすむ」 {-て済む 1260} [""be enough""]";"1260-32; 1811-19"
520.;"「-てた」 [colloquial contraction of -ていた: ""was __ing""; ""had (done) __""]";"113-20; 703-2"
521.;"「-てたまらない」 [""cannot help/bear __""]";"597-22; 619-23"
522.;"「-ては」 [links a verb with a negative statement]";"1078-30; 1220-13; 1549-24"
523.;"「-てはだめ(だ)」 {-ては駄目(だ)* 2275} [""must not __""]";1160-10
524.;"「-てはいけない」 [""must not __""]";"191-19; 486-27; 525-3; 540-35; 849-43; 1042-14"
525.;"「-てやる」 [""do __ (for someone)""]";"73-3; 83-28; 555-37; 1061-4"
526.;"「-てよかった」 {-て良かった* 285} [""was good to have __ed""]: DJG v1 p89 (covered under -ばよかった; note typo: ""yakatta"" should be ""yokatta""); Genki ch19";89-2
527.;"「と」 [""and"" within an exhaustive list; cf. や]";"2-8; 3-5; 55-19; 57-4; 70-14; 70-15"
528.;"「〜と」 [""with __""]";"36-13; 53-14; 55-18"
529.;"「と」 [marks sound/manner or quoted speech]";"14-4; 15-26; 39-13; 51-15; 53-9; 59-9; 161-6; 222-10"
530.;"「〜と」 [""if __""; ""when __""]";"5-8; 44-5; 59-13"
531.;"「〜とあって」 [""because __""]";2258-14
532.;"「〜とあっては」 [""if it's the case that __""]";829-17
533.;"「〜といえば」 {〜と言えば* 51} [""speaking of __""]";792-5
534.;"「〜といえども」 {〜と言えども** 51} [""even though __""; ""any __""]";"1130-53; 2160-8"
535.;"「〜といい」 {〜と言い 51} [""it would be good if __"", ""I hope __""]";"253-7; 2095-35"
536.;"「〜といっしょに」 {〜と一緒に 2, 1450} [""along with __""]";"1257-44; 1450-10"
537.;"「-といた」 [colloquial contraction of -ておいた, past tense of -ておく: indicates act of prudence/getting something done].";173-19
538.;"「〜といった」 {〜と言った* 51} [""such as __""]";"1223-24; 1266-8; 1484-29"
539.;"「〜といっても」 {〜と言っても* 51} [introduces qualification of preceding statement]";1762-15
540.;"「〜という」 {〜と言う* 51} [links identifier with identified]";"91-11; 92-11; 97-9; 121-7; 169-16; 245-7"
541.;"「〜というふうに」 {〜と言う風に* 51, 425} [""in (such a) way""]";"315-7; 436-4"
542.;"「AというのはB(という)ことだ」 {Aと言うのはB(と言う)ことだ* / Aと言うのはB(と言う)事だ** 51, 80} [""A means B""]";1207-7
543.;"「〜というと」 {〜と言うと* 51} [""at the mention of __"", ""when (one) says __""]";134-17
544.;"「〜といわず」 {〜と言わず 51} [""be it __ (or any other)""]";1971-31
545.;"「〜とか」 [non-exhaustive examples]";"1430-24; 1595-33; 1631-19"
546.;"「とかく〜」 [""apt to __"", ""liable to __""]";760-46
547.;"「〜とき」 {〜時* 383} [""when __""]";"56-9; 96-9; 124-7; 137-14; 157-8; 215-11"
548.;"「〜ところ」 [""when __""]";"83-27; 127-2; 460-14; 607-13; 934-20"
549.;"「〜ところだ」 [""be just about to __"", ""be just now __ing"", ""have just now __ed""]";"148-9; 716-23; 726-13; 804-11; 941-17; 1650-12"
550.;"「ところが〜」 [""however, __""]";"147-19; 380-8"
551.;"「-とく」 [colloquial contraction of -ておく: indicates act of prudence/getting something done].";113-23
552.;"「〜とも」 [""both/all __""; ""(n)either (of) __""].";"15-14; 63-3; 104-5; 142-8; 237-23; 262-11"
553.;"「ともかく」 [""anyway""]";1798-9
554.;"「〜となる」 [""become __""]";"12-8; 15-25; 30-1; 186-9; 209-6; 210-3"
555.;"「〜となると」 [""when it comes to __""; ""if it is the case that __""]";2275-31
556.;"「とにかく」 [""anyway""]";"196-9; 273-18; 712-7"
557.;"「〜とおもう」 {〜と思う 142} [""think(s) (that) __""]";"81-12; 114-6; 142-3"
558.;"「〜とおなじく」 {〜と同じく 182} [""as well as __""; ""in the same way as __""]";"1143-22; 1527-14; 1598-34; 1668-14; 1672-17; 2190-32"
559.;"「〜とおり(に) / 〜どおり(に)」 {〜通りに 159} [""just as __""]";"51-14; 136-15; 159-1; 159-11"
560.;"「とりあえず〜」 {取り敢えず〜* 59, 809} [""__ at once""; ""__ for now""].";"14-4; 144-6; 809-1"
561.;"「〜として」 [""in the capacity of __""]";"47-11; 98-7; 148-12; 313-5; 325-15; 333-15; 420-12; 480-5; 484-1"
562.;"「〜としては」 [""for (a) __""]";1310-19
563.;"「〜とする」 [follows description of an impression or sensation]";"36-4; 176-1; 220-4; 238-3; 320-2; 456-2"
564.;"「〜とする」 [""assume __""]";"533-10; 921-9; 1405-14; 2008-9"
565.;"「〜とたん(に)」 {〜途端に* 1000, 2114} [""the moment __""]";"494-7; 965-9; 1800-9; 2114-19; 2300-2"
566.;"「とても〜」 [""quite __""]";"24-10; 27-8; 29-6; 68-7"
567.;"「〜とともに」 {〜と共に 356} [""along with __""]";"76-5; 142-21; 179-12; 423-17"
568.;"「とうとう〜」 [""finally __""]";"7-3; 312-8; 387-21; 454-10; 578-14"
569.;"「〜とはいえ」 {〜とは言え* 51} [""even if __""]";"1748-4; 2133-11; 2231-8"
570.;"「〜とはかぎらない」 {〜とは限らない 282} [""not necessarily __""]";"936-13; 1087-30; 1269-25; 1505-25; 1586-6; 2032-7"
571.;"「Transitive and intransitive verbs」";"12-2; 12-7; 36-2; 36-7; 44-4; 44-5"
572.;"「ついでに」 {序でに** 1209} [""while you're at it, __""]";179-19
573.;"「ついに〜」 {遂に〜* 2210} [""at last __"", ""at length __""]";"62-5; 81-7; 90-8; 137-8; 173-20; 2210-1"
574.;"「つまり〜」 {詰まり〜* 515} [""that is, __"", ""in sum, __""]";"723-18; 887-44; 903-30; 984-13; 1138-12; 1158-10; 1191-25; 1236-35"
575.;"「〜つもり」 {〜積もり* 832} [intention/conviction]";"55-18; 136-20; 137-15; 287-3; 352-5; 371-31; 448-29"
576.;"「〜つつ」 [""while __""]";"1191-26; 1661-59; 1775-23; 1849-19; 1912-40; 1915-20"
577.;"「-つつある」 [""__ing""]";"251-6; 445-38; 812-19; 938-29; 1089-27; 1245-14; 1593-35; 2020-57"
578.;"「〜(っ)たって / 〜だって」 [""even if __""]";445-40
579.;"「-って」 [colloquial topic marker]";"120-2; 122-6; 1468-4"
580.;"「-って」 [colloquial quote marker]";"117-1; 117-22; 460-13"
581.;"「-って」 [colloquial contraction of という].";"526-23; 1317-25"
582.;"「〜うちに」 {〜内に* 215} [""while __"", ""before __ ends""]";"138-5; 145-4; 194-11; 226-5; 390-4; 639-5; 675-8"
583.;"「うえ(に)」 {上に 41} [""(and) moreover""]";1839-46
584.;"「-うる / -える」 {-得る* 387} [""can/could __""]";"387-19; 893-19; 995-20; 1236-30; 1257-58"
585.;"「Verbal connectives akin to -て」";"67-12; 142-20; 183-19; 187-9; 199-7; 219-14; 224-11; 357-18; 450-24"
586.;"「Verbs of potential」 [""can __""]";"15-8; 36-9; 37-4; 55-4; 63-2; 67-8; 135-9; 280-16"
587.;"「Verb stem + に + verb of motion」 [""(go) __ing""; ""(go) to (do) __""]";"21-9; 74-1"
588.;"「Volitional」 [""let's __""; ""I'll __""]";"2-10; 12-6; 16-6; 32-2; 60-6; 78-4"
589.;"「Volitional + とおもう」 {Volitional + と思う 142} [""think about __ing""]";"142-21; 274-13; 352-14"
590.;"「わ」 [female speech marker]";"141-20; 173-24; 218-9; 219-2; 377-9; 385-8"
591.;"「AはBがC」 [C describes something about B, as an attribute of subject A]";"10-6; 29-4; 29-5"
592.;"「〜はいうまでもなく / 〜はのべるまでもなく」 {〜は言うまでもなく / 〜は述べるまでもなく 51, 994} [""__ is needless to mention""]";"1624-7; 2197-34"
593.;"「わかる」 {分かる 88} [""understand""]";"5-8; 47-9"
594.;"「〜わけだ」 {〜訳だ* 1505} [""the fact is/was that __""]";"153-7; 273-18; 301-9; 518-13; 726-9; 793-37; 839-43"
595.;"「〜わけではない」 {〜訳ではない* 1505} [""it is/was not the case that __""]";"153-7; 269-15; 618-10; 683-31; 800-12; 870-14"
596.;"「〜わけがない」 {〜訳がない* 1505} [""__ is impossible""]";1958-20
597.;"「〜わけにはいかない」 {〜訳にはいかない* 1505} [""cannot __""]";1037-24
598.;"「〜はおろか」 {〜は疎か* 1142} [""let alone __""]";1970-51
599.;"「〜わりに(は)」 {〜割に(は) / 〜割りに(は) 416} [""considering __"", ""for (a)  __""]";"416-10; 629-11; 676-9"
600.;"「わざわざ〜」 {態態〜** 893} [""take the trouble to __""]";"1481-20; 1637-3"
601.;"「〜を」 [indicates direct object]";"2-8; 2-9; 2-10; 3-2; 5-7"
602.;"「〜を」 [indicates space of motion]";"215-10; 228-4; 255-5; 475-6; 475-14; 679-18; 704-30"
603.;"「〜を」 [indicates place from which one exits]";"38-4; 99-16; 104-5; 272-3; 1377-7; 1521-23; 1970-40"
604.;"「〜を」 [indicates source of emotion]";"1212-3; 1245-8; 1633-4"
605.;"「〜をはじめ(として)」 {〜を始めとして 956} [""starting with __""]";1238-26
606.;"「〜をめぐる / 〜をめぐって」 {〜を巡る* / 〜を巡って* 1553} [""over __""]";"1447-13; 1553-17; 1620-18; 1694-8"
607.;"「〜をものともせず」 [""undaunted by __""]";1946-12
608.;"「〜をとわず」 {〜を問わず 452} [""irrespective of __""]";"1661-50; 1712-43; 1872-29"
609.;"「〜をつうじて / 〜をとおして」 {〜を通じて / 〜を通して 159} [instrument/means: ""through __""]";"327-14; 953-11; 1066-36; 1257-60; 1264-5"
610.;"「〜をつうじて / 〜をとおして」 {〜を通じて / 〜を通して 159} [duration: ""throughout __""]";"426-6; 954-14; 2189-44"
611.;"「や」 [""and"" within a non-exhaustive list; cf. と]";"131-6; 420-13; 435-12; 461-15; 718-21"
612.;"「やはり / やっぱり」 {矢張り** 559, 2020} [""as (might be) expected""; ""still""]";"603-6; 1257-52; 1911-13; 1918-23; 2045-18"
613.;"「〜やいなや」 {〜や否や 552} [""no sooner did __ than""]";"552-11; 578-11; 1009-27; 1588-3; 1825-12"
614.;"「やむをえない」 {止むを得ない 42, 387} [""inevitable""]";387-18
615.;"「やむをえず」 {止むを得ず 42, 387} [""inevitably""]";1890-12
616.;"「-やすい」 {-易い* 443} [""easy to __""]";"82-3; 88-19; 103-5; 443-5"
617.;"「やってくる」 {やって来る 274} [""come (to)"", ""approach""; ""come around""; ""turn up""].";"90-8; 194-12; 238-11; 266-30"
618.;"「やっと〜」 [""finally __""]";"15-8; 46-17; 70-4"
619.;"「〜よ」 [assertion]";"15-17; 21-4; 47-9; 51-3; 53-14"
620.;"「-よう」 [""way to __""]";"706-40; 1458-9; 2125-7"
621.;"「-よう」 [conjecture]";"455-16; 494-4; 679-33"
622.;"「〜ようだ」 [""looks like __""; ""seems (that) __""]";"92-8; 195-6; 386-12; 476-7; 517-4; 564-5; 637-3"
623.;"「〜ような」 [""like __""]";"96-10; 126-26; 141-20; 147-9; 147-11; 173-25; 204-2; 273-22; 344-11"
624.;"「〜ように」 [""as __"", ""as if __""]";"81-3; 84-14; 113-2; 113-4; 182-13; 191-21; 218-10; 273-22; 499-33"
625.;"「〜ように」 [""so that __""]";"285-10; 448-39; 464-17; 532-35; 679-24; 705-40; 787-21"
626.;"「〜ようにいう」 {〜ように言う 51} [""tell (someone) to __""]";"252-21; 279-12; 373-7; 469-2; 620-7; 698-27; 805-10"
627.;"「〜ようになる」 [""reach the point where __""]";"303-13; 327-14; 532-30; 649-20; 683-32; 699-27; 734-10"
628.;"「〜ようにおもわれる / 〜とおもわれる」 {〜ように思われる / と思われる 142} [""seem(s) __""]";"357-23; 625-14; 788-28; 978-26; 1009-32; 1057-16"
629.;"「〜ようにする」 [""make sure (that) __""; ""(act) so as to __""]";"86-15; 87-6; 383-30; 416-8; 580-17; 704-32"
630.;"「ようするに〜」 {要するに〜 547} [""in sum, __""]";"562-11; 677-25; 1130-51; 1575-11"
631.;"「-ようとも / -くとも」 [""even if __"", ""no matter __""]";"677-32; 1236-34"
632.;"「-ようとする」 [""try to __""]";"42-6; 56-6; 67-15; 92-6; 139-14; 809-8"
633.;"「ようやく〜」 {漸く〜** 1705} [""finally __""]";"265-2; 953-10; 976-27; 999-4"
634.;"「〜ゆえに」 {〜故に* 257} [""therefore"", ""because of __""]";"257-3; 686-18; 1059-38; 1457-14; 2045-15"
635.;"「-ざるをえない」 {-ざるを得ない* 387} [""have no choice but to __""]";"387-6; 387-16; 646-19; 1285-4; 1286-9; 1332-15"
636.;"「〜ぜ」 [""__, I'm telling you""]";1934-10
637.;"「〜ぞ」 [""__, I'm telling you""]";"46-8; 113-23; 182-13; 386-10; 578-8; 704-12; 716-12; 917-37"
638.;"「-ず」 [""not __, so __""; ""not __, but __""]";"151-10; 228-13; 274-20"
639.;"「-ずに」 [""without __ing""]";"217-2; 138-9; 134-16"
640.;"「-づらい」 {-辛い* 1462} [""hard to __""]";185-10
641.;"「-ずつ」 [""__ each""]";"2-8; 15-6; 86-8; 93-4; 113-14"
000.;"「×」 [""x mark represent a cross-out mark (the opposite of 〇 mark)""]";14-2
000.;"「〜で」 [means or condition of an action]";"8-5"
000.;"「〜に」[location]";1-6
